city_name,highest_revenue_month,highest_revenue,percentage_contribution,total_revenue
Chandigarh,February,2108290,"19.07 %",11058401
Coimbatore,April,612431,"17.38 %",3523992
Indore,May,1380996,"18.09 %",7635228
Jaipur,February,7747202,"20.82 %",37207497
Kochi,May,3333746,"19.61 %",16997596
Lucknow,February,1777269,"18.78 %",9463551
Mysore,May,745170,"18.38 %",4054745
Surat,April,1154909,"17.96 %",6431599
Vadodara,April,706250,"18.60 %",3797200
Visakhapatnam,April,1390682,"17.34 %",8018282
